{
  "hash": "c09049e3",
  "configHash": "0a239b15",
  "lockfileHash": "5ea57881",
  "browserHash": "7b0749b5",
  "optimized": {
    "@angular/common": {
      "src": "../../../../../node_modules/@angular/common/fesm2022/common.mjs",
      "file": "@angular_common.js",
      "fileHash": "741183e3",
      "needsInterop": false
    },
    "@angular/core": {
      "src": "../../../../../node_modules/@angular/core/fesm2022/core.mjs",
      "file": "@angular_core.js",
      "fileHash": "dde211cf",
      "needsInterop": false
    },
    "@angular/platform-browser": {
      "src": "../../../../../node_modules/@angular/platform-browser/fesm2022/platform-browser.mjs",
      "file": "@angular_platform-browser.js",
      "fileHash": "ffc2e981",
      "needsInterop": false
    },
    "@angular/router": {
      "src": "../../../../../node_modules/@angular/router/fesm2022/router.mjs",
      "file": "@angular_router.js",
      "fileHash": "54a0b5d1",
      "needsInterop": false
    }
  },
  "chunks": {
    "chunk-LEXP5NFR": {
      "file": "chunk-LEXP5NFR.js"
    },
    "chunk-YVNIXLEF": {
      "file": "chunk-YVNIXLEF.js"
    },
    "chunk-Q2FNYFEN": {
      "file": "chunk-Q2FNYFEN.js"
    }
  }
}